flat_type,town,n_transactions,median_price,avg_psm,rank_in_type
2 ROOM,PUNGGOL,119,398000,8859.09,1
2 ROOM,SENGKANG,70,388000,8496.29,2
2 ROOM,HOUGANG,36,385250,8400.19,3
2 ROOM,BUKIT BATOK,88,380000,8441.49,4
2 ROOM,SEMBAWANG,88,379000,8618.19,5
3 ROOM,PASIR RIS,21,608000,8440.33,1
3 ROOM,CENTRAL AREA,61,548000,8290.45,2
3 ROOM,PUNGGOL,174,545000,8127.78,3
3 ROOM,SENGKANG,128,541444,7977.8,4
3 ROOM,BISHAN,61,530000,7673.26,5
4 ROOM,QUEENSTOWN,290,1029000,11258.15,1
4 ROOM,TOA PAYOH,384,1000000,10184.11,2
4 ROOM,BUKIT MERAH,366,935000,9602.12,3
4 ROOM,KALLANG/WHAMPOA,280,905000,9469.27,4
4 ROOM,CLEMENTI,189,847000,9013.46,5
5 ROOM,CENTRAL AREA,25,1480000,11520.03,1
5 ROOM,QUEENSTOWN,85,1240000,10726.29,2
5 ROOM,CLEMENTI,79,1150000,9748.88,3
5 ROOM,BUKIT TIMAH,24,1107500,9057.34,4
5 ROOM,BUKIT MERAH,171,1065000,9047.13,5
EXECUTIVE,BISHAN,47,1290000,8593.51,1
EXECUTIVE,SERANGOON,45,1128000,7547.09,2
EXECUTIVE,BEDOK,61,1020000,7073.21,3
EXECUTIVE,TAMPINES,166,980000,6782.09,4
EXECUTIVE,HOUGANG,121,970000,6729.15,5
